<?xml version="1.0" encoding="UTF-8"?>
<project-private xmlns="http://www.netbeans.org/ns/project-private/1">
    <editor-bookmarks xmlns="http://www.netbeans.org/ns/editor-bookmarks/2" lastBookmarkId="0"/>
    <open-files xmlns="http://www.netbeans.org/ns/projectui-open-files/2">
        <group>
            <file>file:/home/rafael/Materias/EDA_202301/Mochila_01/src/mochila_01/Mochila_01.java</file>
        </group>
        <group name="1erParcial">
            <file>file:/C:/Users/carlo/OneDrive/Documentos/Escuela/EDA/Exámenes/1erParcial/Mochila_01/src/mochila_01/Mochila_01.java</file>
            <file>file:/C:/Users/carlo/OneDrive/Documentos/Escuela/EDA/Exámenes/1erParcial/Mochila_01/src/mochila_01/Solucion.java</file>
        </group>
    </open-files>
</project-private>
